-- Brands must come first (no foreign keys)
insert into brands (id, name_he, name_en, trust_score) values
  ('b0000000-0000-0000-0000-000000000001', 'סניקרס', 'Snickers', 0.8),
  ('b0000000-0000-0000-0000-000000000002', 'מאפיית א.א.', 'A.A. Bakery', 0.4),
  ('b0000000-0000-0000-0000-000000000003', 'אסם', 'Osem', 0.9);

-- Allergens (no foreign keys)
insert into allergens (id, name_he, name_en) values
  ('a0000000-0000-0000-0000-000000000001', 'בוטנים', 'Peanuts'),
  ('a0000000-0000-0000-0000-000000000002', 'אגוזים', 'Tree Nuts'),
  ('a0000000-0000-0000-0000-000000000003', 'ביצים', 'Eggs'),
  ('a0000000-0000-0000-0000-000000000004', 'חלב', 'Dairy'),
  ('a0000000-0000-0000-0000-000000000005', 'גלוטן', 'Gluten'),
  ('a0000000-0000-0000-0000-000000000006', 'סויה', 'Soy'),
  ('a0000000-0000-0000-0000-000000000007', 'שומשום', 'Sesame'),
  ('a0000000-0000-0000-0000-000000000008', 'דגים', 'Fish');

-- Products (references brands)
insert into products (id, name_he, barcode, brand_id, is_kosher) values
  ('p0000000-0000-0000-0000-000000000001', 'חטיף בוטנים', '72900001', 'b0000000-0000-0000-0000-000000000001', true),
  ('p0000000-0000-0000-0000-000000000002', 'רוגלך שוקולד', '72900002', 'b0000000-0000-0000-0000-000000000002', true),
  ('p0000000-0000-0000-0000-000000000003', 'קרקר גלוטן פרי', '72900003', 'b0000000-0000-0000-0000-000000000003', true);

-- Product allergens (references products and allergens)
insert into product_allergens (product_id, allergen_id, severity) values
  ('p0000000-0000-0000-0000-000000000001', 'a0000000-0000-0000-0000-000000000001', 'contains'),
  ('p0000000-0000-0000-0000-000000000001', 'a0000000-0000-0000-0000-000000000002', 'may_contain'),
  ('p0000000-0000-0000-0000-000000000002', 'a0000000-0000-0000-0000-000000000003', 'contains'),
  ('p0000000-0000-0000-0000-000000000002', 'a0000000-0000-0000-0000-000000000004', 'may_contain'),
  ('p0000000-0000-0000-0000-000000000003', 'a0000000-0000-0000-0000-000000000005', 'contains');

-- Pending community reviews (references products and allergens) — issue #54.
insert into pending_reviews (id, product_id, contributor_note, allergen_reports) values
  (
    'r0000000-0000-0000-0000-000000000001',
    'p0000000-0000-0000-0000-000000000001',
    'צילמתי את גב האריזה, המידע מעודכן לסדרת הייצור החדשה.',
    '[{"allergen_id":"a0000000-0000-0000-0000-000000000001","status":"contains"},{"allergen_id":"a0000000-0000-0000-0000-000000000002","status":"may_contain"},{"allergen_id":"a0000000-0000-0000-0000-000000000004","status":"absent"}]'::jsonb
  ),
  (
    'r0000000-0000-0000-0000-000000000002',
    'p0000000-0000-0000-0000-000000000002',
    null,
    '[{"allergen_id":"a0000000-0000-0000-0000-000000000003","status":"contains"},{"allergen_id":"a0000000-0000-0000-0000-000000000005","status":"may_contain"}]'::jsonb
  );
